category,title,chinese_title,publish_date,original_publish_date,source_url,cover_url,summary,chinese_summary
QMS SOP Template,Deviation Management,偏差管理,2025-07-01,July 2025,https://guidance-docs.ispe.org/doi/book/10.1002/9781946964861,https://gmp-guidelines.wen817.com/thumbnails/ispe/9781946964861.cover.jpg,"Deviation management is a critical component of the Quality Management System (QMS) and supports compliance with current Good Manufacturing Practices (cGMP) as outlined by regulatory authorities such as the US Food and Drug Administration (FDA), European Medicines Agency (EMA), and [...]",偏差管理是质量管理体系（QMS）的关键组成部分，有助于符合美国食品药品管理局（FDA）、欧洲药品管理局（EMA）等监管机构所制定的现行GMP要求，以及[...]
QMS SOP Template,Investigations,调查,2025-07-01,July 2025,https://guidance-docs.ispe.org/doi/book/10.1002/9781946964878,https://gmp-guidelines.wen817.com/thumbnails/ispe/9781946964878.cover.jpg,"Effective investigation processes are essential to identify root causes, assess product impact, implement corrective and preventive actions (CAPA), and ensure ongoing compliance with current Good Manufacturing Practices (cGMP) as required by global regulatory authorities, including the US Food and Drug [...]",有效的调查流程对于查明根本原因、评估产品影响、实施纠正和预防措施（CAPA），并确保持续符合全球监管机构要求的现行药品生产质量管理规范（cGMP），至关重要，这些机构包括美国食品药品[…]
QMS SOP Template,CAPA Management,CAPA 管理,2025-07-01,July 2025,https://guidance-docs.ispe.org/doi/book/10.1002/9781946964885,https://gmp-guidelines.wen817.com/thumbnails/ispe/9781946964885.cover.jpg,"Corrective Action and Preventive Action (CAPA) is a critical component of the Quality Management System (QMS) and is essential for ensuring compliance with regulatory requirements such as current Good Manufacturing Practices (cGMP), as well as maintaining safety, efficacy, and quality [...]",纠正与预防措施（CAPA）是质量管理体系（QMS）的关键组成部分，对于确保符合现行药品生产质量管理规范（cGMP）等法规要求，以及维持产品的安全性、有效性和质量至关重要……
QMS SOP TEMPLATE,Product Quality Complaints,产品质量投诉,2025-07-01,July 2025,https://guidance-docs.ispe.org/doi/book/10.1002/9781946964892,https://gmp-guidelines.wen817.com/thumbnails/ispe/9781946964892.cover.jpg,"Effective complaint handling is critical for maintaining product integrity, safeguarding patient safety, and driving continual improvement.This Standard Operating Procedure (SOP) includes a template that helps the user outline the process for receiving, documenting, evaluating, and resolving product quality complaints within [...]",有效的投诉处理对于维护产品完整性、保障患者安全以及推动持续改进至关重要。本标准操作规程（SOP）包含一个模板，可帮助用户概述接收、记录、评估和解决产品质量投诉的流程……
QMS SOP TEMPLATE,Out-of-Specification,不符合规格,2025-07-01,July 2025,https://guidance-docs.ispe.org/doi/book/10.1002/9781946964908,https://gmp-guidelines.wen817.com/thumbnails/ispe/9781946964908.cover.jpg,"This Standard Operating Procedure (SOP) template provides a structured approach for the identification, investigation, evaluation, and resolution of Out-of-Specification (OOS) results observed during pharmaceutical manufacturing and testing. The objective is to ensure that all OOS results, whether from in-process testing, [...]",本标准操作规程（SOP）模板提供了一种结构化的方法，用于识别、调查、评估和解决药品生产和检测过程中观察到的超标结果。其目的是确保所有超标结果，无论是来自过程中的检测，还是[...]
QMS SOP TEMPLATE,Product Recall Management,产品召回管理,2025-07-01,July 2025,https://guidance-docs.ispe.org/doi/book/10.1002/9781946964915,https://gmp-guidelines.wen817.com/thumbnails/ispe/9781946964915.cover.jpg,A pharmaceutical product recall Standard Operating Procedure (SOP) should align with several key regulatory requirements to not only ensure compliance but protect public health. While both the US Food and Drug Administration (FDA) and European Medicines Agency (EMA) share the [...],药品召回标准操作规程（SOP）应符合多项关键监管要求，以确保不仅合规，而且保护公众健康。尽管美国食品药品管理局（FDA）和欧洲药品管理局（EMA）都共享[...]
QMS SOP Template,Environmental Monitoring Excursions,环境监测考察,2025-07-01,July 2025,https://guidance-docs.ispe.org/doi/book/10.1002/9781946964922,https://gmp-guidelines.wen817.com/thumbnails/ispe/9781946964922.cover.jpg,"Effective management of Environmental Monitoring (EM) excursions supports contamination control strategies and promotes continual improvement in the pharmaceutical quality system.This Standard Operating Procedure (SOP) template defines the process for identifying, documenting, investigating, and addressing EM excursions within pharmaceutical manufacturing and [...]",有效管理环境监测（EM）异常情况，有助于污染控制策略，并推动制药质量体系的持续改进。本标准操作规程（SOP）模板明确了在药品生产和[…]过程中识别、记录、调查和处理EM异常情况的流程。
GAMP Guide,Artificial Intelligence,人工智能,2025-07-01,July 2025,https://guidance-docs.ispe.org/doi/book/10.1002/9781946964854,https://gmp-guidelines.wen817.com/thumbnails/ispe/9781946964854.cover.jpg,"Technological innovations in Artificial Intelligence (AI) provide new opportunities for the life sciences, and offer new ways to approach challenges in GxP regulated processes. While such approaches offer promising advancements, additional responsibilities are also introduced that require thoughtful decision-making to [...]",人工智能（AI）领域的技术创新为生命科学提供了新的机遇，也为解决GxP监管流程中的挑战提供了新途径。尽管这些方法带来了令人振奋的进展，但也引入了额外的责任，需要审慎决策以……
Good Practice Guide,Validation 4.0,验证4.0,2025-06-01,June 2025,https://guidance-docs.ispe.org/doi/book/10.1002/9781946964847,https://gmp-guidelines.wen817.com/thumbnails/ispe/9781946964847.cover.jpg,"The Validation 4.0 Guide provides a comprehensive approach to ensuring product quality and patient safety throughout a pharmaceutical product’s lifecycle. A Holistic Control Strategy (HCS) in this context means moving beyond traditional, static, upfront and localized validation controls to a [...]",验证4.0指南提供了一种全面的方法，以确保药品在整个生命周期中的产品质量和患者安全。在此背景下，整体控制策略（HCS）意味着超越传统的、静态的、事前的和局部的验证控制，转向一种[...]
Good Practice Guide,Digital Validation,数字化验证,2025-04-01,April 2025,https://guidance-docs.ispe.org/doi/book/10.1002/9781946964830,https://gmp-guidelines.wen817.com/thumbnails/ispe/9781946964830.cover.jpg,"This Guide considers how increased adoption of Digital Validation Tools (DVTs) in the life sciences industry can support a growing commitment to data integrity, operational efficiency, and regulatory compliance. However, the transition from traditional, paper-based validation to a digitally integrated [...]",本指南探讨了在生命科学行业中，更多地采用数字化验证工具（DVTs）如何助力企业日益增强对数据完整性、运营效率和法规遵从性的承诺。然而，从传统的纸质验证向数字化集成的过渡……
Good Practice Guide,SMEPAC – Standardized Methodology for the Evaluation of Pharmaceutical Airborne Particle Emissions from Containment Systems (Third Edition),SMEPAC – 封闭系统中药品空气传播颗粒物排放评估的标准化方法（第三版）,2024-12-01,December 2024,https://guidance-docs.ispe.org/doi/book/10.1002/9781946964816,https://gmp-guidelines.wen817.com/thumbnails/ispe/9781946964816.cover.jpg,"This Guide was originally titled ISPE Good Practice Guide: Assessing the Particulate Containment Performance of Pharmaceutical Equipment.As in previous editions, this Guide provides principles and standardized methodologies for evaluating the containment capability of equipment used in the pharmaceutical industry under [...]",本指南原名为ISPE GMP指南：评估制药设备的微粒控制性能。与前几版一样，本指南提供了评估制药行业所用设备在特定条件下[...]的控制能力的原则和标准化方法。
Good Practice Guide,Ozone Sanitization of Pharmaceutical Water Storage and Distribution Systems (Second Edition),制药用水储存与分配系统的臭氧消毒（第二版）,2024-10-01,October 2024,https://guidance-docs.ispe.org/doi/book/10.1002/9781946964809,https://gmp-guidelines.wen817.com/thumbnails/ispe/9781946964809.cover.jpg,This updated Guide offers comprehensive guidance on designing and operating pharmaceutical water storage and distribution systems that utilize ozone for sanitization. It outlines key principles for implementing an effective sanitization approach.Using ozone as the primary sanitizing agent in a pharmaceutical [...],本更新版指南提供了关于设计和运行采用臭氧消毒的制药用水储存与分配系统的全面指导，并概述了实施有效消毒方法的关键原则。在制药领域中，以臭氧作为主要消毒剂……
Good Practice Guide,"Heating, Ventilation, and Air Conditioning (Second Edition)",供暖、通风与空调（第二版）,2024-09-01,September 2024,https://guidance-docs.ispe.org/doi/book/10.1002/9781946964793,https://gmp-guidelines.wen817.com/thumbnails/ispe/9781946964793.cover.jpg,"Heating, Ventilation, and Air Conditioning (HVAC) systems can critically affect the ability of a pharmaceutical facility to meet its objective of providing a safe and effective product to the patient. The design of these systems requires a blend of Good [...]",供暖、通风与空调（HVAC）系统可显著影响制药厂实现其目标的能力，即为患者提供安全有效的产品。这些系统的设计需要结合良好的[...]
GAMP Good Practice Guide,Validation and Compliance of Computerized GCP Systems and Data – Good eClinical Practice (Second Edition),计算机化GCP系统与数据的验证及合规性——良好电子临床实践（第二版）,2024-07-01,July 2024,https://guidance-docs.ispe.org/doi/book/10.1002/9781946964786,https://gmp-guidelines.wen817.com/thumbnails/ispe/9781946964786.cover.jpg,"Advances in digital health, increased regulatory scrutiny, and the integration of new technologies such as artificial intelligence and new models such as decentralized trials have been accelerated by the COVID 19 pandemic. In light of this, the content of the [...]",数字健康领域的进步、监管审查的加强，以及人工智能等新技术和去中心化试验等新模式的融合，都因新冠疫情而加速发展。有鉴于此，[...]的内容
Good Practice Guide,Unique Identification of Glass Primary Containers in Pharmaceutical Fill and Finish Operations,药品灌装与分装作业中玻璃原包装容器的唯一标识,2024-05-01,May 2024,https://guidance-docs.ispe.org/doi/book/10.1002/9781946964762,https://gmp-guidelines.wen817.com/thumbnails/ispe/9781946964762.cover.jpg,"Many current challenges facing the pharmaceutical industry revolve around increasing product complexity, reduced batch sizes, and higher flexibility requirements, coupled with increased requirements for product traceability, both internally and by regulatory bodies. Additionally, as the industry moves toward a continuous [...]",当前制药行业面临的许多挑战，都围绕着产品复杂性增加、批量规模缩小以及更高的灵活性要求展开，同时对产品可追溯性的要求也在提高，这不仅体现在企业内部，也受到监管机构的密切关注。此外，随着行业向连续生产模式迈进……
Guide,503A Compounding – Regulatory Basis and Industry Good Practices for Pharmacies,503A 调配——药房的监管依据与行业 GMP 实践,2024-04-01,April 2024,https://guidance-docs.ispe.org/doi/book/10.1002/9781946964755,https://gmp-guidelines.wen817.com/thumbnails/ispe/9781946964755.cover.jpg,"Following the need identified by the ISPE survey of compounding pharmacies and regulators, it is evident that compounding pharmacies would benefit from consolidating FDA regulations and recommendations and the United States Pharmacopeia (USP) criteria into a single guide.The ISPE Guide: [...]",根据ISPE对配药药房和监管机构调查所确定的需求，显然，配药药房将受益于将FDA法规和建议以及美国药典（USP）标准整合到一本指南中。ISPE指南：[...]
Guide,Advanced Therapy Medicinal Products – Recombinant AAV Comparability and Lifecycle Management,先进治疗药物——重组AAV的可比性和生命周期管理,2024-01-01,January 2024,https://guidance-docs.ispe.org/doi/book/10.1002/9781946964731,https://gmp-guidelines.wen817.com/thumbnails/ispe/9781946964731.cover.jpg,"As gene therapy products race towards the clinic and commercial launch, sponsor companies are faced with significant hurdles posed by evolving manufacturing platforms, process improvements across multiple stages of development, and a rapidly growing toolkit for the characterization of viral [...]",随着基因治疗产品加速迈向临床和商业化上市，申办公司正面临由不断发展的生产平台、多个开发阶段的工艺改进，以及快速扩充的病毒特性表征工具箱所带来的重大挑战……
Guide,Advanced Therapy Medicinal Products – Allogeneic Cell Therapy,先进治疗药物——同种异体细胞疗法,2024-01-01,January 2024,https://guidance-docs.ispe.org/doi/book/10.1002/9781946964748,https://gmp-guidelines.wen817.com/thumbnails/ispe/9781946964748.cover.jpg,"Advanced Therapy Medicinal Products (ATMPs) are based on genes, cells, or tissues delivered to patients to provide a therapeutic benefit based on a specific target of interest. For ATMPs, the therapy is cells, engineered tissues, or the manipulation of the [...]",先进治疗药物（ATMPs）基于基因、细胞或组织，被输送给患者以提供针对特定目标的治疗益处。对于ATMPs而言，其疗法是细胞、工程化组织，或是对[…]的操控。
Baseline Guide,Volume 8 – Pharma 4.0™,第8卷 – 制药4.0™,2023-12-01,December 2023,https://guidance-docs.ispe.org/doi/book/10.1002/9781946964724,https://gmp-guidelines.wen817.com/thumbnails/ispe/9781946964724.cover.jpg,"Applying emerging and digital technologies can lead to more robust and flexible manufacturing processes. This can help the pharmaceutical industry respond to drug shortages, reduce interruptions in the production and delivery of medicines, and ensure consistent clinical performance of products.With [...]",应用新兴技术和数字技术可以带来更强大、更灵活的生产流程。这有助于制药行业应对药品短缺，减少药品生产和供应过程中的中断，并确保产品临床性能的一致性。与[...]
Baseline Guide,Volume 6 – Biopharmaceutical Manufacturing Facilities (Third Edition),第6卷——生物制药生产设施（第三版）,2023-11-01,November 2023,https://guidance-docs.ispe.org/doi/book/10.1002/9781946964717,https://gmp-guidelines.wen817.com/thumbnails/ispe/9781946964717.cover.jpg,"The biopharmaceutical industry has adapted to reflect available technologies such as single-use technologies and modular construction methodologies, products with more focused patient populations, evolving regulatory conditions, unrelenting pressures on costs, and increased focus on robust product supply while maintaining high-quality [...]",生物制药行业已做出调整，以反映当前可用的技术，例如一次性技术与模块化建造方法、针对更精准患者群体的产品、不断变化的监管环境、持续存在的成本压力，以及在保持高质量的同时，更加注重稳健的产品供应……
Good Practice Guide,Process Gases (Second Edition),工艺气体（第二版）,2023-10-01,October 2023,https://guidance-docs.ispe.org/doi/book/10.1002/9781946964700,https://gmp-guidelines.wen817.com/thumbnails/ispe/9781946964700.cover.jpg,"The ISPE Good Practice Guide: Process Gases, Second Edition presents recent advances in construction materials and updates on current good practices. This edition is aligned with the latest regulatory guidance including EU Annex 1 (revised 2022), EU Annex 15, the [...]",ISPE良好实践指南：工艺气体，第二版介绍了建筑材料方面的最新进展，并更新了当前的良好实践。本版与最新的法规指南保持一致，包括欧盟附录1（2022年修订版）、欧盟附录15，以及[...]
未知类型,503B Compounding – Regulatory Basis and Industry Good Practices for Outsourcing Facilities,503B 调配——外包机构的监管依据与行业良好实践,2023-08-01,August 2023,https://guidance-docs.ispe.org/doi/book/10.1002/9781946964694,https://gmp-guidelines.wen817.com/thumbnails/ispe/9781946964694.cover.jpg,An ISPE survey of compounding pharmacies and regulators overwhelmingly demonstrated that 503B outsourcing facilities could benefit from comprehensive guidance summarizing regulatory requirements. The ISPE Guide: 503B Compounding – Regulatory Basis and Industry Good Practices for Outsourcing Facilities aims to help [...],ISPE对配药药房和监管部门的调查显示，503B外包机构普遍认为，获得一份全面指南以总结监管要求将大有裨益。ISPE指南：503B配药——外包机构的监管依据与行业GMP实践，旨在帮助[...]
未知类型,2023 ISPE Drug Shortages Prevention Model,2023年ISPE药品短缺预防模型,2023-05-01,May 2023,https://guidance-docs.ispe.org/doi/book/10.1002/9781946964649,https://gmp-guidelines.wen817.com/thumbnails/ispe/9781946964649.cover.jpg,"The ISPE Drug Shortages Prevention Model serves as a guide to help prevent drug shortages by providing quality, regulatory, and technical recommendations for the pharmaceutical manufacturing industry. The ISPE Drug Shortages Task Team developed the model as a follow up [...]",ISPE药品短缺预防模型为制药行业提供了质量、法规和技术方面的建议，旨在帮助预防药品短缺，是一份实用指南。ISPE药品短缺特别工作组在后续工作中制定了该模型……
未知类型,ISPE Readiness Report Bundle,ISPE 准备情况报告合集,2023-05-01,May 2023,https://guidance-docs.ispe.org/doi/book/10.1002/9781946964687,https://gmp-guidelines.wen817.com/thumbnails/ispe/9781946964687.cover.jpg,"Report on ISPE Work to Support Establishment of the European Union Health Emergency Preparedness and Response Authority (HERA) (Published: May 2023)In 2022 ISPE worked with McKinsey and Company to provide technical and Chemistry, Manufacturing, and Controls (CMC) information on two [...]",ISPE支持建立欧盟卫生应急准备与响应机构（HERA）的工作报告（发布日期：2023年5月）2022年，ISPE与麦肯锡公司合作，就两个[...]提供了技术和化学、生产和控制（CMC）方面的信息。
Good Practice Guide,Containment for Potent Compounds,强效化合物的 containment,2022-12-01,December 2022,https://guidance-docs.ispe.org/doi/book/10.1002/9781946964601,https://gmp-guidelines.wen817.com/thumbnails/ispe/9781946964601.cover.jpg,"There are an increasing number of highly potent compounds handled within the pharmaceutical industry, a trend that has continued for over 20 years to the point where most modern products require some degree of containment or other exposure control to [...]",制药行业内处理的高活性化合物数量日益增多，这一趋势已持续超过20年，以至于大多数现代产品都需要一定程度的密闭或其他暴露控制措施，以……
Advancing Pharmaceutical Quality Guide,Cultural Excellence,文化卓越,2022-11-01,November 2022,https://guidance-docs.ispe.org/doi/book/10.1002/9781946964595,https://gmp-guidelines.wen817.com/thumbnails/ispe/9781946964595.cover.jpg,Cultural excellence is the expressed and implied ways in which an organization operates. Excellence in organizational culture is essential for delivering robust and sustained quality performance and ensuring patient-focused outcomes. Culture determines quality outcomes by affecting the organization’s ability to [...],文化卓越是组织运作所表现出的显性和隐性方式。组织文化的卓越对于实现稳健且持续的高质量绩效、确保以患者为中心的成果至关重要。文化通过影响组织的能力，从而决定质量成果……
Advancing Pharmaceutical Quality Guide,Process Performance and Product Quality Monitoring System,工艺性能与产品质量监控系统,2022-09-01,September 2022,https://guidance-docs.ispe.org/doi/book/10.1002/9781946964588,https://gmp-guidelines.wen817.com/thumbnails/ispe/9781946964588.cover.jpg,What is the current state of your organization’s Process Performance and Product Quality Monitoring Systems (PPPQMS)? ICH Q10 establishes an expectation for pharmaceutical companies to “plan and execute a system for the monitoring of process performance and product quality to [...],贵组织的工艺绩效与产品质量监控系统（PPPQMS）目前处于什么状态？ICH Q10 规定，制药公司应“规划并实施一套用于监控工艺绩效和产品质量的系统，以[...]”
GAMP 5,A Risk-Based Approach to Compliant GxP Computerized Systems (Second Edition),基于风险的合规GxP计算机化系统方法（第二版）,2022-07-01,July 2022,https://guidance-docs.ispe.org/doi/book/10.1002/9781946964571,https://gmp-guidelines.wen817.com/thumbnails/ispe/9781946964571.cover.jpg,"GAMP aims to deliver a cost-effective framework of good practice to ensure that computerized systems are effective and of high quality, fit for intended use, and compliant with applicable regulations.Maintaining the principles and framework of the first edition, ISPE GAMP® [...]",GAMP旨在提供一套具有成本效益的良好实践框架，以确保计算机化系统有效且质量高，适合预期用途，并符合相关法规。在保持第一版原则和框架的基础上，ISPE GAMP® [...]
Good Practice Guide,Membrane-Based Water for Injection Systems,基于膜的注射用水系统,2022-05-01,May 2022,https://guidance-docs.ispe.org/doi/book/10.1002/9781946964564,https://gmp-guidelines.wen817.com/thumbnails/ispe/9781946964564.cover.jpg,"For nearly a century, production of Water for Injection (WFI) was universally accepted to be distillation-based. As emphasis on costs and environmental concerns has grown, pharmacopeias around the world have focused on the quality attributes of WFI to allow for [...]",近一个世纪以来，注射用水（WFI）的生产一直普遍采用蒸馏法。随着对成本和环境问题的日益重视，世界各地的药典已开始关注WFI的质量特性，以允许[...]
Good Practice Guide,Continuous Manufacturing of Oral Solid Dosage Forms,口服固体制剂的连续制造,2022-03-01,March 2022,https://guidance-docs.ispe.org/doi/book/10.1002/9781946964540,https://gmp-guidelines.wen817.com/thumbnails/ispe/9781946964540.cover.jpg,"When the pharmaceutical industry began to apply the principles of continuous processing to the manufacture of Oral Solid Dosage (OSD) forms in the mid-2000s, the industry initially focused on establishing the technical capabilities of continuous manufacturing systems. It has now [...]",2000年代中期，制药行业开始将连续生产的原则应用于口服固体剂型（OSD）的制造时，最初的重点是建立连续生产系统的技术能力。如今，它已经[...]
Advancing Pharmaceutical Quality Guide,Change Management System,变更管理系统,2022-02-01,February 2022,https://guidance-docs.ispe.org/doi/book/10.1002/9781946964526,https://gmp-guidelines.wen817.com/thumbnails/ispe/9781946964526.cover.jpg,"What is the current state of your organization’s Change Management (CM) System? The effective management of change throughout the product lifecycle enables quality improvement and is critical to patient safety, supply reliability, as well as operational effectiveness and efficiency.“Pharmaceutical companies [...]",贵组织的变更管理（CM）体系目前处于什么状态？在整个产品生命周期中有效管理变更，能够促进质量提升，同时对患者安全、供应可靠性以及运营效率和效益至关重要。“制药公司[...]
Good Practice Guide,"Controlled Temperature Chambers – Commissioning and Qualification, Mapping and Monitoring (Second Edition)",恒温箱——调试与确认、测绘与监测（第二版）,2021-12-01,December 2021,https://guidance-docs.ispe.org/doi/book/10.1002/9781946964519,https://gmp-guidelines.wen817.com/thumbnails/ispe/9781946964519.cover.jpg,"With the increasing complexity of global distribution for medicines requiring controlled temperatures, the ISPE Good Practice Guide: Controlled Temperature Chamber – Commissioning and Qualification, Mapping and Monitoring (Second Edition) provides guidance on the lifecycle management of GMP-controlled temperature chambers from [...]",随着对需控制温度药品的全球分销日益复杂，ISPE良好实践指南：控制温度恒温箱——调试与确认、测绘与监测（第二版）提供了关于GMP控制温度恒温箱生命周期管理的指导，从[...]
Guide,Advanced Therapy Medicinal Products – Autologous Cell Therapy,先进治疗药物——自体细胞疗法,2021-11-01,November 2021,https://guidance-docs.ispe.org/doi/book/10.1002/9781946964502,https://gmp-guidelines.wen817.com/thumbnails/ispe/9781946964502.cover.jpg,"Advanced Therapy Medicinal Product (ATMP) therapies include cells, engineered tissues, or the manipulation of the patient’s genome. This is in contrast with traditional manufacturing processes for compounds that are synthetically derived (i.e., small molecule) or proteins or peptides expressed by cellular [...]",先进治疗药物产品（ATMP）疗法包括细胞、工程化组织，或对患者基因组的操控。这与传统化合物制造工艺形成对比，传统工艺所生产的化合物通常为合成来源（即小分子），或是由细胞表达的蛋白质或肽类[...]
Good Practice Guide,Good Engineering Practice (Second Edition),良好工程规范（第二版）,2021-10-01,October 2021,https://guidance-docs.ispe.org/doi/book/10.1002/9781946964489,https://gmp-guidelines.wen817.com/thumbnails/ispe/9781946964489.cover.jpg,Running a business efficiently requires working practices that will deliver optimum value for a given scope of work. The adoption of Good Engineering Practice (GEP) can lead to a balance of expenditure and activity in relation to benefits. Benefit is [...],高效经营企业需要采用能够为既定工作范围带来最大价值的工作实践。采用良好工程规范（GEP）可实现支出与活动之间的平衡，从而获得相应的效益。效益是[...]
D/A/CH Affiliate,Production of Water for Injection without Distillation Handbook [English Translation],《无蒸馏注射用水生产手册》[英文翻译],2021-09-01,September 2021,https://guidance-docs.ispe.org/doi/book/10.1002/9781946964359,https://gmp-guidelines.wen817.com/thumbnails/ispe/9781946964359.cover.jpg,The ISPE D/A/C/H Affiliate Handbook: Production of Water for Injection without Distillation was first published by the ISPE Germany/Austria/Switzerland (D/A/CH) Affiliate in March 2019 in German and has been translated into English.This Handbook has been prepared by authors exclusively from [...],ISPE D/A/C/H分会手册：无蒸馏工艺制备注射用水，于2019年3月由ISPE德国/奥地利/瑞士（D/A/CH）分会首次以德语出版，并已译成英语。本手册由来自[...]的作者专门编写。
GAMP Good Practice Guide,"Enabling Innovation – Critical Thinking, Agile, IT Service Management",赋能创新——批判性思维、敏捷、IT服务管理,2021-09-01,September 2021,https://guidance-docs.ispe.org/doi/book/10.1002/9781946964465,https://gmp-guidelines.wen817.com/thumbnails/ispe/9781946964465.cover.jpg,"The drive within life sciences to improve patient safety and product quality, and provide value to society, while reducing costs requires constant and effective innovation. However, because the pharmaceutical industry operates in a highly regulated sector, some practitioners may apply [...]",生命科学领域致力于提高患者安全和产品质量，为社会创造价值，同时降低成本，这需要持续而有效的创新。然而，由于制药行业处于高度监管的领域，一些从业者可能会应用[...]
Good Practice Guide,Investigational Medicinal Product Reverse Logistics – Good Returns and Reconciliation Practices,试验用药品逆向物流——良好退货与对账实践,2021-08-01,August 2021,https://guidance-docs.ispe.org/doi/book/10.1002/9781946964458,https://gmp-guidelines.wen817.com/thumbnails/ispe/9781946964458.cover.jpg,Every year the number of clinical trials conducted across the globe rises in a concerted effort to develop new or improved medicinal products that ultimately improve lives. The pharmaceutical industry has developed standards and best practices in almost every aspect [...],每年，全球开展的临床试验数量都在增加，这是为了集中力量开发出新的或更优质的药物，最终改善人们的生活。制药行业几乎在每个方面都制定了标准和最佳实践……
Advancing Pharmaceutical Quality Guide,Management Responsibilities and Management Review,管理职责与管理评审,2021-07-01,July 2021,https://guidance-docs.ispe.org/doi/book/10.1002/9781946964441,https://gmp-guidelines.wen817.com/thumbnails/ispe/9781946964441.cover.jpg,ICH Q10 sets a clear expectation regarding the role of strong leadership in terms of demonstrating and communicating “strong and visible support for the pharmaceutical quality system.” The ISPE APQ Guide: Management Responsibilities and Management Review provides a quality management [...],ICH Q10 明确提出了强有力的领导在展示和传达“对药品质量体系的坚定而明显的支持”方面所应发挥的作用。ISPE APQ 指南：管理职责与管理评审提供了质量管理[...]
Good Practice Guide,Knowledge Management in the Pharmaceutical Industry,制药行业的知识管理,2021-05-01,May 2021,https://guidance-docs.ispe.org/doi/book/10.1002/9781946964427,https://gmp-guidelines.wen817.com/thumbnails/ispe/9781946964427.cover.jpg,"ICH Q10 outlines three objectives: achieve product realization, establish and maintain a state of control, and facilitate continual improvement. Embracing these objectives can be best achieved using the dual enablers, Knowledge Management (KM) and Quality Risk Management (QRM). The first [...]",ICH Q10 阐述了三个目标：实现产品化，建立并保持受控状态，以及促进持续改进。采用这些目标的最佳方式是借助两大推动因素，即知识管理（KM）和质量风险管理（QRM）。第一个 [...]
Good Practice Guide,Maintenance (Second Edition),维护（第二版）,2021-01-01,January 2021,https://guidance-docs.ispe.org/doi/book/10.1002/9781946964380,https://gmp-guidelines.wen817.com/thumbnails/ispe/9781946964380.cover.jpg,Maintenance can impact both the quality of products and the compliance of pharmaceutical processes. Maintenance programs have long been recognized as critical to the success of the operations they support. This Guide is focused on maintenance in GMP areas and [...],维护工作既会影响产品质量，也会影响制药工艺的合规性。长期以来，维护计划一直被视为其支持的运营成功的关键。本指南重点关注GMP区域的维护工作，并[...]
Good Practice Guide,Equipment Reliability,设备可靠性,2020-12-01,December 2020,https://guidance-docs.ispe.org/doi/book/10.1002/9781946964373,https://gmp-guidelines.wen817.com/thumbnails/ispe/9781946964373.cover.jpg,"Equipment reliability is concerned with the risk of failures in equipment and processes, providing focus on equipment availability, fitness for purpose, and cost. The strategy and tactics of reliability contribute to realizing the value of equipment throughout its useful life [...]",设备可靠性涉及设备和工艺中发生故障的风险，重点关注设备的可用性、适用性和成本。可靠性的战略和策略有助于在设备的整个使用寿命内实现其价值……
Advancing Pharmaceutical Quality Guide,Corrective Action and Preventive Action (CAPA) System,纠正与预防措施（CAPA）系统,2020-11-01,November 2020,https://guidance-docs.ispe.org/doi/book/10.1002/9781946964366,https://gmp-guidelines.wen817.com/thumbnails/ispe/9781946964366.cover.jpg,"What is the current state of your organization’s Corrective Action and Preventive Action (CAPA) System? Is it robust, consistent, and efficient? The ISPE APQ Guide: Corrective Action and Preventive Action (CAPA) Systemprovides a quality management framework for assessing and advancing [...]",贵组织的纠正与预防措施（CAPA）系统目前处于什么状态？它是否健全、一致且高效？ISPE APQ指南：纠正与预防措施（CAPA）系统提供了一个质量管理框架，用于评估和提升[...]
GAMP RDI Good Practice Guide,Data Integrity by Design,设计驱动的数据完整性,2020-10-01,October 2020,https://guidance-docs.ispe.org/doi/book/10.1002/9781946964342,https://gmp-guidelines.wen817.com/thumbnails/ispe/9781946964342.cover.jpg,"Data Integrity by Design is the concept that data integrity must be incorporated from the initial planning of a business process through to the implementation, operation, and retirement of computerized systems supporting that business process. It promotes the application of [...]",“设计即数据完整性”这一概念是指，从业务流程的初始规划，到支持该业务流程的计算机化系统的实施、运行和退役，都必须将数据完整性纳入其中。它提倡应用[...]
Guide,"Cleaning Validation Lifecycle – Applications, Methods, and Controls",清洁验证生命周期——应用、方法与控制,2020-08-01,August 2020,https://guidance-docs.ispe.org/doi/book/10.1002/9781946964311,https://gmp-guidelines.wen817.com/thumbnails/ispe/9781946964311.cover.jpg,"Regulatory agencies expect the development and validation of a compliant cleaning program. This critical activity ensures that the risks of contamination, product carry over, and cross contamination are controlled, minimized, and monitored to safeguard patient safety and product quality.This ISPE [...]",监管机构期望制定并验证一套符合GMP的清洁方案。这一关键活动确保污染风险、产品残留和交叉污染得到控制、最小化和监控，以保障患者安全和产品质量。ISPE [...]
Good Practice Guide,Critical Utilities GMP Compliance – How to Be Compliant and Ready to Prove It,关键公用设施GMP合规性——如何实现合规并随时准备证明,2020-06-01,June 2020,https://guidance-docs.ispe.org/doi/book/10.1002/9781946964298,https://gmp-guidelines.wen817.com/thumbnails/ispe/9781946964298.cover.jpg,"Because of their hidden nature, critical utility systems are vulnerable to non-compliance. With their potential to impact product quality or performance in a significant way, critical utilities consistently receive close scrutiny by regulatory inspectors. The goal of the ISPE Good [...]",由于其隐蔽性，关键公用系统容易出现不合规情况。这些系统可能对产品质量或性能产生重大影响，因此始终受到监管检查员的密切关注。ISPE良好[…]
Good Practice Guide,HVAC and Process Equipment Air Filters,HVAC与工艺设备空气过滤器,2019-12-01,December 2019,https://guidance-docs.ispe.org/doi/book/10.1002/9781946964274,https://gmp-guidelines.wen817.com/thumbnails/ispe/9781946964274.cover.jpg,"The ISPE Good Practice Guide: HVAC and Process Equipment Air Filters aims to be a valuable reference on the selection, application, specification, testing, and operation and maintenance of filters in the pharmaceutical industry. This Guide is intended to be used [...]",ISPE良好实践指南：HVAC与工艺设备空气过滤器，旨在成为制药行业在过滤器选型、应用、规格制定、测试以及运行和维护方面的宝贵参考。本指南供[...]使用
Good Practice Guide,Asset Management,资产管理,2019-11-01,November 2019,https://guidance-docs.ispe.org/doi/book/10.1002/9781946964267,https://gmp-guidelines.wen817.com/thumbnails/ispe/9781946964267.cover.jpg,"The ISPE Good Practice Guide: Asset Management provides practical guidance for establishing an asset management system that enables organizations to realize increased value from their assets, both physical and non-physical. This Guide identifies best practices in strategic asset management as [...]",ISPE良好实践指南：资产管理提供了建立资产管理体系的实用指导，使组织能够从其资产中实现更大价值，包括有形资产和无形资产。本指南明确了战略资产管理中的最佳实践，例如……
Baseline Guide,Volume 4 – Water and Steam Systems (Third Edition),第4卷——水与蒸汽系统（第三版）,2019-09-01,September 2019,https://guidance-docs.ispe.org/doi/book/10.1002/9781946964250,https://gmp-guidelines.wen817.com/thumbnails/ispe/9781946964250.cover.jpg,"The ISPE Baseline Guide® Water and Steam Systems (Third Edition) aims to assist with the design, construction, operation, and lifecycle management of new and existing water and steam systems. It is intended to help meet Good Manufacturing Practices (GMPs) and [...]",ISPE基准指南®《水与蒸汽系统》（第三版）旨在帮助设计、建造、运行以及管理和维护新建和现有水与蒸汽系统。其目的是协助满足GMP，并[...]
Baseline Guide,Volume 5 – Commissioning and Qualification (Second Edition),第5卷——调试与确认（第二版）,2019-06-01,June 2019,https://guidance-docs.ispe.org/doi/book/10.1002/9781946964236,https://gmp-guidelines.wen817.com/thumbnails/ispe/9781946964236.cover.jpg,"The ISPE Baseline® Guide: Commissioning and Qualification (Second Edition) provides practical guidance on the implementation of a science and risk-based approach for the Commissioning and Qualification (C&Q) of pharmaceutical manufacturing facilities, systems, utilities, and equipment to demonstrate that they are [...]",ISPE基准®指南：调试与确认（第二版）提供了关于实施基于科学和风险的方法，对制药生产设施、系统、公用工程和设备进行调试与确认（C&Q），以证明其[...]的实用指导。
GAMP RDI Good Practice Guide,Data Integrity – Manufacturing Records,数据完整性 – 生产记录,2019-05-01,May 2019,https://guidance-docs.ispe.org/doi/book/10.1002/9781946964205,https://gmp-guidelines.wen817.com/thumbnails/ispe/9781946964205.cover.jpg,"Manufacturing systems, with their link to the physical process, have an obvious impact on patient safety and product quality. Careful consideration of data integrity risks, alongside all other risk types, provides a more complete assessment of the GMP risks associated [...]",制造系统与其所关联的物理过程，对患者安全和产品质量有着明显的影响。仔细考虑数据完整性风险，以及所有其他类型的风险，能够更全面地评估与GMP相关的风险……
Good Practice Guide,Practical Implementation of the Lifecycle Approach to Process Validation,翻译失败,2019-03-01,March 2019,https://guidance-docs.ispe.org/doi/book/10.1002/9781946964182,https://gmp-guidelines.wen817.com/thumbnails/ispe/9781946964182.cover.jpg,The shift in process validation from a one-time event to the product lifecycle approach expected by most global markets has led to significant changes in validation practices. The science and risk-based approach combines product development knowledge with a structured process [...],大多数全球市场期望的工艺验证从一次性事件转向产品生命周期方法，这一转变已导致验证实践发生重大变化。基于科学和风险的方法将产品开发知识与结构化的流程相结合……
Good Practice Guide,Technology Transfer (Third Edition),翻译失败,2018-12-01,December 2018,https://guidance-docs.ispe.org/doi/book/10.1002/9781946964151,https://gmp-guidelines.wen817.com/thumbnails/ispe/9781946964151.cover.jpg,Transfer of manufacturing processes and analytical procedures between facilities or laboratories is a necessary part of pharmaceutical development and commercialization. Technology transfers take the outputs of process or method development activities and transfer the knowledge to a different location where [...],翻译失败
Good Practice Guide,Single-Use Technology,一次性技术,2018-11-01,November 2018,https://guidance-docs.ispe.org/doi/book/10.1002/9781946964137,https://gmp-guidelines.wen817.com/thumbnails/ispe/9781946964137.cover.jpg,"Single-use technology has grown in both complexity of design and criticality of application in the past twenty years, offering increased flexibility while significantly reducing the risk of contamination in manufacturing equipment. The implementation of single-use technology into a process requires [...]",翻译失败
GAMP RDI Good Practice Guide,Data Integrity – Key Concepts,数据完整性——关键概念,2018-10-01,October 2018,https://guidance-docs.ispe.org/doi/book/10.1002/9781946964113,https://gmp-guidelines.wen817.com/thumbnails/ispe/9781946964113.cover.jpg,"The ISPE GAMP® RDI Good Practice Guide: Data Integrity – Key Concepts provides detailed practical guidance to support data integrity within a regulated organization.In recent years significant problems with data integrity have been found in the pharmaceutical, biotechnology, and medical [...]",ISPE GAMP® RDI良好实践指南：数据完整性——关键概念，为受监管组织内的数据完整性提供了详细实用的指导。近年来，在制药、生物技术和医疗领域发现了严重的数据完整性问题……
Japan Affiliate,Pest Control Manual [English Translation],病虫害防治手册[英文翻译],2018-08-01,August 2018,https://guidance-docs.ispe.org/doi/book/10.1002/9781946964083,https://gmp-guidelines.wen817.com/thumbnails/ispe/9781946964083.cover.jpg,"The ISPE Japan Affiliate Manual on Pest Control expands on the concepts and policies set forth in the previous ISPE Japan Affiliate Handbook on Pest Control (English Translation, version 4) and offers advice for new and aging GMP facilities. It [...]",ISPE日本分会害虫控制手册扩展了此前ISPE日本分会害虫控制手册（英文译本，第4版）中提出的概念和政策，并为新建及老化的GMP设施提供了建议。它[...]
Baseline Guide,Volume 3 – Sterile Product Manufacturing Facilities (Third Edition),第三卷——无菌产品生产设施（第三版）,2018-04-01,April 2018,https://guidance-docs.ispe.org/doi/book/10.1002/9781946964069,https://gmp-guidelines.wen817.com/thumbnails/ispe/9781946964069.cover.jpg,"Hear from two of the guide contributors, Gordon Leichter, PhD, Belimed Life Sciences and Jason Collins, AIA, IPS, on what you will take-away from purchasing this guide including practical and regulatory guidance, harmonization of standards between the US and EU, [...]",听听两位指南贡献者——贝利迈德生命科学公司的戈登·莱希特博士和美国注册建筑师、国际项目总监杰森·柯林斯——的分享，了解您从购买本指南中将获得哪些收获，包括实用与法规指导，以及美国与欧盟之间标准的协调统一，[...]
GAMP Good Practice Guide,IT Infrastructure Control and Compliance (Second Edition),IT基础设施控制与合规（第二版）,2017-08-01,August 2017,https://guidance-docs.ispe.org/doi/book/10.1002/9781946964007,https://gmp-guidelines.wen817.com/thumbnails/ispe/9781946964007.cover.jpg,"The ISPE GAMP Good Practice Guide: IT Infrastructure Control and Compliance (Second Edition) is intended to provide comprehensive guidance on meeting regulatory expectations for compliant Information Technology (IT) Infrastructure platforms, both traditional and cloud-based. The increasing prevalence of new technology [...]",ISPE GAMP良好实践指南：IT基础设施控制与合规性（第二版）旨在为满足监管机构对传统和基于云的IT基础设施平台合规性的期望提供全面指导。新技术的日益普及[...]
Baseline Guide,Volume 7 – Risk-Based Manufacture of Pharmaceutical Products (Second Edition),第7卷——基于风险的药品生产（第二版）,2017-07-01,July 2017,https://guidance-docs.ispe.org/doi/book/10.1002/9781936379941,https://gmp-guidelines.wen817.com/thumbnails/ispe/9781936379941.cover.jpg,"The ISPE Baseline® Guide: Risk-Based Manufacture of Pharmaceutical Products (Risk-MaPP) Second Edition provides a scientific risk-based approach, based on ICH Q9 Quality Risk Management, for managing the risk of cross-contamination within shared facilities. Risk management processes should be used to [...]",ISPE基准®指南：基于风险的药品生产（Risk-MaPP）第二版提供了一种科学的风险管理方法，该方法以ICH Q9质量风险管理为基础，用于管理共用设施内交叉污染的风险。应采用风险管理流程来[...]
Good Practice Guide,Decommissioning of Pharmaceutical Equipment and Facilities,制药设备与设施的退役,2017-06-01,June 2017,https://guidance-docs.ispe.org/doi/book/10.1002/9781936379996,https://gmp-guidelines.wen817.com/thumbnails/ispe/9781936379996.cover.jpg,"Decommissioning is a general term for a process to remove something from active status. It may be a precursor to putting facilities/equipment into storage, repurposing, or demolition/disposal. There are many factors and requirements to consider in this process, including documentation, [...]",退役是一个通用术语，指将某物从活跃状态中移除的过程。它可能是将设施/设备转入储存、重新利用，或进行拆除/处置的前兆。在此过程中，有许多因素和要求需要考虑，包括文件记录、[...]
未知类型,The Cultural Excellence Report - Six Key Dimensions,文化卓越报告——六大关键维度,2017-04-01,April 2017,https://guidance-docs.ispe.org/doi/book/10.1002/9781946964618,https://gmp-guidelines.wen817.com/thumbnails/ispe/9781946964618.cover.jpg,"The Quality Excellence Report shares insights on quality culture improvement across six key dimensions and outlines a series of practical and powerful approaches, practices, and tools to support implementation of the cultural excellence framework and promote behavioral change that will [...]",质量卓越报告分享了在六个关键维度上提升质量文化方面的见解，并概述了一系列实用且有力的方法、实践和工具，以支持文化卓越框架的实施，推动行为改变，从而……
GAMP Guide,Records and Data Integrity,记录与数据完整性,2017-03-01,March 2017,https://guidance-docs.ispe.org/doi/book/10.1002/9781936379965,https://gmp-guidelines.wen817.com/thumbnails/ispe/9781936379965.cover.jpg,"The ISPE GAMP® Guide: Records and Data Integrity provides principles and practical guidance on meeting current expectations for the management of GxP regulated records and data, ensuring that they are complete, consistent, secure, accurate, and available throughout their life cycle.This [...]",ISPE GAMP®指南：记录与数据完整性，提供了关于满足GxP法规管理记录和数据当前期望的原则和实用指导，确保这些记录和数据在其整个生命周期内保持完整、一致、安全、准确且可访问。这[…]
GAMP Good Practice Guide,Global Information Systems Control and Compliance (Second Edition),全球信息系统控制与合规（第二版）,2017-02-01,February 2017,https://guidance-docs.ispe.org/doi/book/10.1002/9781936379927,https://gmp-guidelines.wen817.com/thumbnails/ispe/9781936379927.cover.jpg,"As organizations find themselves operating from multiple sites worldwide, with groups and departments split between multiple geographies, or even using third party distributors, the challenges of information sharing become more complex. The GAMP® Good Practice Guide: Global Information Systems Control [...]",随着各组织发现自己在全球多个地点运营，团队和部门分散在多个地区，甚至使用第三方分销商，信息共享的挑战变得更加复杂。GAMP®良好实践指南：全球信息系统控制[...]
Good Practice Guide,"Sampling for Pharmaceutical Water, Steam, and Process Gases",药品用水、蒸汽和工艺气体的取样,2016-12-01,December 2016,https://guidance-docs.ispe.org/doi/book/10.1002/9781936379897,https://gmp-guidelines.wen817.com/thumbnails/ispe/9781936379897.cover.jpg,"The ISPE Good Practice Guide on Sampling for Pharmaceutical Water, Steam, and Process Gases was created for users of water, steam, compressed air or process gases and impacts facilities, production, and quality control personnel within a facility. This Good Practice [...]",ISPE关于制药用水、蒸汽和工艺气体取样的良好实践指南，专为使用水、蒸汽、压缩空气或工艺气体的用户而制定，适用于设施内的设备、生产和质量控制人员。本良好实践[...]
Baseline Guide,Volume 2 – Oral Solid Dosage Forms (Third Edition),第二卷——口服固体剂型（第三版）,2016-11-01,November 2016,https://guidance-docs.ispe.org/doi/book/10.1002/9781936379880,https://gmp-guidelines.wen817.com/thumbnails/ispe/9781936379880.cover.jpg,"The new edition of the ISPE Baseline® Guide: Oral Solid Dosage Forms (Third Edition) considers both current and new technologies, such as Process Analytical Technology (PAT) and continuous manufacturing processes. A new chapter has been added to address containment and [...]",新版ISPE基准®指南：口服固体制剂（第三版）同时考虑了当前和新技术，例如过程分析技术（PAT）及连续制造工艺。此外，新增加了一章，以解决密闭操作和[...]
Good Practice Guide,Management of Engineering Standards,工程标准的管理,2016-08-01,August 2016,https://guidance-docs.ispe.org/doi/book/10.1002/9781936379859,https://gmp-guidelines.wen817.com/thumbnails/ispe/9781936379859.cover.jpg,The ISPE Good Practice Guide: Management of Engineering Standards aims to provide a common understanding and approach to the management of Engineering Standards. It is based on industry best practices and developed with input from several peer organizations. The Guide [...],ISPE良好实践指南：工程标准管理旨在提供对工程标准管理的共同理解和方法。它基于行业最佳实践，并在多个同行组织的参与下制定而成。该指南[...]
Good Practice Guide,Operations Management,运营管理,2016-04-01,April 2016,https://guidance-docs.ispe.org/doi/book/10.1002/9781936379835,https://gmp-guidelines.wen817.com/thumbnails/ispe/9781936379835.cover.jpg,"For the purposes of this Guide, operations are defined as the transformative process within a series of activities, along a value chain extending from supplier to customer. Operations Management designs, operates, and improves supply chain systems for getting work done. [...]",在本指南中，运营被定义为从供应商到客户的价值链中一系列活动中所涉及的转化过程。运营管理负责设计、运作和改进供应链系统，以确保工作顺利开展。[...]
Guide,Sustainability,可持续性,2025-08-29,August 2025,https://guidance-docs.ispe.org/doi/book/10.1002/9781946964939,https://gmp-guidelines.wen817.com/thumbnails/ispe/9781946964939.cover_1_20250830_073936.jpg,"The ISPE Sustainability Handbook is written to provide information at the front end of projects that will be useful to the project team in understanding sustainability criteria, with examples where considered useful. It is based on the premise that there [...]",ISPE可持续发展手册旨在为项目前期提供信息，帮助项目团队理解可持续性标准，并在认为有用的情况下提供相关示例。其前提是：
GAMP Good Practice Guide,A Risk-Based Approach to Regulated Mobile Applications,基于风险的监管移动应用方法,2014-10-01,October 2014,https://guidance-docs.ispe.org/doi/book/10.1002/9781936379750,https://gmp-guidelines.wen817.com/thumbnails/ispe/9781936379750.cover.jpg,"More than 3 billion people worldwide use a smartphone and according to industry estimates almost 60% of those users will download a mobile health application. By their very nature mobile devices present a significant challenge to control, and the possibility [...]",全球超过30亿人使用智能手机，据行业估计，其中近60%的用户将下载移动健康应用程序。由于其自身特性，移动设备带来了巨大的管控挑战，而这种可能性[...]
Good Practice Guide,Approaches to Commissioning and Qualification of Pharmaceutical Water and Steam Systems (Second Edition),药品用水和蒸汽系统的调试与确认方法（第二版）,2014-07-01,July 2014,https://guidance-docs.ispe.org/doi/book/10.1002/9781936379736,https://gmp-guidelines.wen817.com/thumbnails/ispe/9781936379736.cover.jpg,"Water and steam may be used in the manufacture of products, cleaning operations, and laboratory activities within pharmaceutical or biopharmaceutical operations. Systems that generate and distribute water and steam that may come into contact with product/or process contact surfaces, or [...]",水和蒸汽可用于制药或生物制药生产中的产品制造、清洁操作以及实验室活动。产生并输送可能与产品或工艺接触面接触的水和蒸汽的系统，或……
Good Practice Guide,Clinical Supply Systems,临床供应系统,2014-03-01,March 2014,https://guidance-docs.ispe.org/doi/book/10.1002/9781936379682,https://gmp-guidelines.wen817.com/thumbnails/ispe/9781936379682.cover.jpg,"Currently there are no standards or guidelines for system functionality that manage Investigational Medicinal Products (IMPs). Lack of standards for data and functionality has resulted in varying terminology, data formats, and controls which can often make the selection, use, or [...]",目前，尚无用于管理试验用药品（IMPs）的系统功能标准或指南。缺乏数据和功能方面的标准，导致术语、数据格式和控制措施各不相同，这往往会使选择、使用或……
Guide,Biopharmaceutical Process Development and Manufacturing,生物制药工艺开发与生产,2013-10-01,October 2013,https://guidance-docs.ispe.org/doi/book/10.1002/9781936379637,https://gmp-guidelines.wen817.com/thumbnails/ispe/9781936379637.cover.jpg,"The ISPE Guide: Biopharmaceutical Process Development and Manufacturing focuses on the development and the process approaches and practices involved in providing cost effective, regulated manufacturing of biopharmaceutical products in a timely manner that meet their intended use.This Guide intends to [...]",ISPE指南：生物制药工艺开发与生产，重点关注生物制药产品的开发，以及为及时、经济高效地实现其预期用途而采用的工艺方法和实践，并确保符合相关法规要求。本指南旨在……
Guide Series,Product Quality Lifecycle Implementation (PQLI ) from Concept to Continual Improvement Part 4 – Process Performance and Product Quality Monitoring System (PP&PQMS),产品质量生命周期实施（PQLI）：从概念到持续改进 第4部分——过程绩效与产品质量监控系统（PP&PQMS）,2013-06-01,June 2013,https://guidance-docs.ispe.org/doi/book/10.1002/9781936379606,https://gmp-guidelines.wen817.com/thumbnails/ispe/9781936379606.cover.jpg,The ISPE PQLI® Guide: Part 4 – Process Performance and Product Quality Monitoring System serves as practical how-to guidance with examples of technical and scientific methodology for adopting a process performance and product quality monitoring system (PP&PQMS) in line with [...],ISPE PQLI®指南：第4部分——过程性能与产品质量监测系统，为采用符合[……]的过程性能和产品质量监测系统（PP&PQMS）提供了实用的操作指南，并附有技术和科学方法的示例。
Good Practice Guide,Booklet Labels,小册子标签,2013-03-01,March 2013,https://guidance-docs.ispe.org/doi/book/10.1002/9781936379583,https://gmp-guidelines.wen817.com/thumbnails/ispe/9781936379583.cover.jpg,"The pharmaceutical industry has been using fan-folded labels or booklet labels for many years, providing greater efficiency in production and reducing the cost of packaging and labeling. The use of booklet labels in clinical trials has become increasingly important in [...]",制药行业多年来一直采用扇形折叠标签或小册子标签，这不仅提高了生产效率，还降低了包装和贴标的成本。在临床试验中，小册子标签的使用正变得越来越重要……
Good Practice Guide,Harmonizing the Definition and Use of Non-Investigational Medicinal Products,统一非研究性药品的定义和使用,2013-01-01,January 2013,https://guidance-docs.ispe.org/doi/book/10.1002/9781936379576,https://gmp-guidelines.wen817.com/thumbnails/ispe/9781936379576.cover.jpg,"Recent survey results show that the pharmaceutical companies often take an overly conservative approach to NIMPs (or Non-IMPs) due to regulatory and operational ambiguity. This can lead to unnecessary expenses and process steps, which can needlessly complicate clinical trials.The ISPE [...]",近期调查结果显示，由于监管和操作上的模糊性，制药公司往往对NIMP（或非IMPs）采取过于保守的做法。这可能导致不必要的开支和流程步骤，从而不必要地增加临床试验的复杂性。ISPE [...]
GAMP Good Practice Guide,A Risk-Based Approach to Testing of GxP Systems (Second Edition),基于风险的GxP体系测试方法（第二版）,2012-12-01,December 2012,https://guidance-docs.ispe.org/doi/book/10.1002/9781936379514,https://gmp-guidelines.wen817.com/thumbnails/ispe/9781936379514.cover.jpg,This Guide helps the reader to maximize testing efficiency without compromising the quality of GxP Systems by focusing testing on areas that have the greatest impact and eliminating duplicate testing. This GAMP Good Practice Guide conforms to GAMP® 5 standards [...],本指南帮助读者在不影响GxP体系质量的前提下，通过将测试重点放在影响最大的领域并消除重复测试，从而最大限度地提高检测效率。本GAMP良好实践指南符合GAMP® 5标准[...]
GAMP Good Practice Guide,A Risk-Based Approach to GxP Compliant Laboratory Computerized Systems (Second Edition),基于风险的方法实现符合GxP规范的实验室计算机化系统（第二版）,2012-10-01,October 2012,https://guidance-docs.ispe.org/doi/book/10.1002/9781936379491,https://gmp-guidelines.wen817.com/thumbnails/ispe/9781936379491.cover.jpg,"Recently updated to conform with GAMP® 5 concepts and terminology, as well as recent regulatory and industry developments, the ISPE GAMP® Good Practice Guide: A Risk-Based Approach to GxP Compliant Laboratory Computerized Systems (Second Edition) contains steps that scientists, suppliers [...]",近日更新，以符合GAMP® 5的概念和术语，以及最新的监管和行业动态。ISPE GAMP®良好实践指南：基于风险的GxP合规实验室计算机化系统方法（第二版）包含了科学家、供应商[...]所采取的步骤。
Good Practice Guide,Quality Laboratory Facilities,质量实验室设施,2012-09-01,September 2012,https://guidance-docs.ispe.org/doi/book/10.1002/9781936379439,https://gmp-guidelines.wen817.com/thumbnails/ispe/9781936379439.cover.jpg,ISPE produced the industry’s first Guidance Document to establish a baseline for the design of Quality Laboratory Facilities. The ISPE Good Practice Guide: Quality Laboratory Facilities is a comprehensive guide to defining design guidelines for Quality Laboratories supporting GxP-regulated facilities [...],ISPE发布了行业首个指导文件，为质量实验室设施的设计设定了基准。ISPE良好实践指南：质量实验室设施是一本全面的指南，旨在明确支持GxP监管设施的质量实验室设计准则……
Good Practice Guide,"Packaging, Labeling, and Warehousing Facilities",包装、标签与仓储设施,2012-06-01,June 2012,https://guidance-docs.ispe.org/doi/book/10.1002/9781936379415,https://gmp-guidelines.wen817.com/thumbnails/ispe/9781936379415.cover.jpg,"The ISPE Good Practice Guide: Packaging, Labeling, and Warehousing Facilities is the industry’s only guidance relating to the design, construction and commissioning and qualification of packaging, labeling and warehousing (PACLAW) facilities. The Guide helps companies meet CGMP requirements for these [...]",ISPE良好实践指南：包装、标签与仓储设施，是业内唯一针对包装、标签及仓储（PACLAW）设施的设计、建造、调试与确认的指导文件。该指南有助于企业满足这些设施的CGMP要求……
Guide Series,Product Quality Lifecycle Implementation (PQLI ) from Concept to Continual Improvement Part 3 – Change Management System as a Key Element of a Pharmaceutical Quality System,产品质量生命周期实施（PQLI）：从概念到持续改进 第三部分——变更管理系统作为药品质量体系的关键要素,2012-06-01,June 2012,https://guidance-docs.ispe.org/doi/book/10.1002/9781936379460,https://gmp-guidelines.wen817.com/thumbnails/ispe/9781936379460.cover.jpg,"The ISPE PQLI Guide: Part 3 – Change Management System as a Key Element of a Pharmaceutical Quality System, is the only change management guide written expressly for the pharmaceutical industry. It provides practical, real-world strategies for implementing the change [...]",ISPE PQLI 指南：第三部分——变更管理系统作为药品质量体系的关键要素，是唯一专门为制药行业编写的变更管理指南。它提供了切实可行的、面向实际应用的策略，用于实施变更[...]
未知类型,Comprehensive Guide to Clinical Materials (A Handbook for Training Clinical Materials Professionals),临床物料综合指南（临床物料专业人员培训手册）,2012-05-01,May 2012,https://guidance-docs.ispe.org/doi/book/10.1002/9781936379552,https://gmp-guidelines.wen817.com/thumbnails/ispe/9781936379552.cover.jpg,"The Guide is designed to provide a valuable tool for the development of in-house training sessions for advanced training, building on the topics covered in the earlier Introductory US Clinical Trial Materials Training Guide. It may be used in a [...]",指南旨在为开展高级培训的内部培训课程提供一种有价值的工具，这些培训将基于早期推出的《美国临床试验材料入门培训指南》中涵盖的主题展开。它可用于[...]
Good Practice Guide,Comparator Management,对照品管理,2012-02-01,February 2012,https://guidance-docs.ispe.org/doi/book/10.1002/9781936379330,https://gmp-guidelines.wen817.com/thumbnails/ispe/9781936379330.cover.jpg,The ISPE Good Practice Guide: Comparator Management is the pharmaceutical industry’s first-ever resource for comparator processes. It has been developed to use as a central reference source that establishes strategic and tactical considerations related to comparator sourcing. It identifies good [...],ISPE良好实践指南：对照品管理是制药行业首个专门针对对照品流程的资源。该指南旨在作为核心参考来源，确立与对照品采购相关的战略和战术考量。它明确了良好的[...]
Good Practice Guide,Interactive Response Technology,互动响应技术,2011-11-01,November 2011,https://guidance-docs.ispe.org/doi/book/10.1002/9781936379279,https://gmp-guidelines.wen817.com/thumbnails/ispe/9781936379279.cover.jpg,Interactive response technology is a tool that can be used to support multiple business processes and this Guide describes how the pharmaceutical industry can apply the technology to support various clinical trial activities.The Guide provides guidance on how to: successfully [...],交互式响应技术是一种可用于支持多种业务流程的工具，本指南介绍了制药行业如何应用该技术来支持各类临床试验活动。指南提供了关于如何成功[...]的指导。
Good Practice Guide,Project Management for the Pharmaceutical Industry,翻译失败,2011-11-01,November 2011,https://guidance-docs.ispe.org/doi/book/10.1002/9781936379255,https://gmp-guidelines.wen817.com/thumbnails/ispe/9781936379255.cover.jpg,The ISPE Good Practice Guide: Project Management for the Pharmaceutical Industry provides good practice approaches which promote the successful integration of GxP with relevant project management activities to ensure that compliance risk is managed effectively and proactively.The Guide discusses the [...],ISPE良好实践指南：制药行业项目管理提供了良好的实践方法，有助于成功地将GxP与相关的项目管理活动相结合，以确保合规风险得到有效且主动的管理。该指南探讨了[...]
Guide Series,Product Quality Lifecycle Implementation (PQLI ) from Concept to Continual Improvement Part 1 – Product Realization using Quality by Design (QbD): Concepts and Principles,翻译失败,2011-11-01,November 2011,https://guidance-docs.ispe.org/doi/book/10.1002/9781936379224,https://gmp-guidelines.wen817.com/thumbnails/ispe/9781936379224.cover.jpg,"Product Realization using QbD: Concepts and Principles (PQLI® Guide Part 1) includes the topics of Criticality, Design Space, and Control Strategy and addresses product and process development, transfer to, and establishment of, commercial manufacture using science- and risk-based approaches.",翻译失败
Guide Series,Product Quality Lifecycle Implementation (PQLI ) from Concept to Continual Improvement Part 2 – Product Realization using Quality by Design (QbD): Illustrative Example,翻译失败,2011-11-01,November 2011,https://guidance-docs.ispe.org/doi/book/10.1002/9781936379231,https://gmp-guidelines.wen817.com/thumbnails/ispe/9781936379231.cover.jpg,Product Realization using QbD: Illustrative Example (PQLI® Guide Part 2) presents the small molecule case study developed by the ISPE PQLI® teams. This case study provides details of the application of the approaches to product and process understanding using quality [...],翻译失败
Good Practice Guide,Cold Chain Management,冷链管理,2011-05-01,May 2011,https://guidance-docs.ispe.org/doi/book/10.1002/9781936379071,https://gmp-guidelines.wen817.com/thumbnails/ispe/9781936379071.cover.jpg,"Increasing volumes of cold products, the complexity of these products, and the complexity of the associated supply chain are causes for concern. Organizations need adequate control over cold chain of pharmaceutical and biopharmaceutical distribution systems. ISPE recognized the need for [...]",冷链产品数量的增加、这些产品的复杂性，以及相关供应链的复杂性，都令人担忧。各组织需要对药品和生物制药配送系统的冷链进行充分控制。ISPE认识到……
GAMP Good Practice Guide,A Risk-Based Approach to GxP Process Control Systems (Second Edition),基于风险的GxP过程控制系统方法（第二版）,2011-02-01,February 2011,https://guidance-docs.ispe.org/doi/book/10.1002/9781936379057,https://gmp-guidelines.wen817.com/thumbnails/ispe/9781936379057.cover.jpg,The GAMP® Good Practice Guide: A Risk-Based Approach to GxP Process Control Systems is a revision of the GAMP® Good Practice Guide: Validation of Process Control Systems. It provides guidance on and examples of the application of the principles and [...],GAMP®良好实践指南：基于风险的过程控制GxP系统方法，是对GAMP®良好实践指南：过程控制系统验证的修订版。它提供了有关原则应用的指导和示例，以及[...]
GAMP Good Practice Guide,A Risk-Based Approach to Calibration Management (Second Edition),基于风险的校准管理方法（第二版）,2010-11-01,November 2010,https://guidance-docs.ispe.org/doi/book/10.1002/9781936379002,https://gmp-guidelines.wen817.com/thumbnails/ispe/9781936379002.cover.jpg,"The GAMP Good Practice Guide: A Risk-Based Approach to Calibration Management (Second Edition) provides guidance in setting up a calibration management system, which will give a structured approach to instrument risk assessment, calibration program management, documentation, and corrective actions, essential [...]",GAMP良好实践指南：基于风险的校准管理方法（第二版）提供了建立校准管理系统的指导，这将为仪器风险评估、校准计划管理、文件记录以及纠正措施提供一种结构化的方法，这些是至关重要的[...]
GAMP Good Practice Guide,A Risk-Based Approach to Operation of GxP Computerized Systems,基于风险的GxP计算机化系统运行方法,2010-05-01,May 2010,https://guidance-docs.ispe.org/doi/book/10.1002/9781931879736,https://gmp-guidelines.wen817.com/thumbnails/ispe/9781931879736.cover.jpg,"During the operational life of a GxP system regulators usually focus on the integrity, consistency, and completeness of controls required to maintain compliance. This Guide highlights the importance of the operation phase of the system lifecycle, when the return on [...]",在GxP系统的运行期间，监管机构通常关注为保持合规性而需实施的控制措施的完整性、一致性和全面性。本指南强调了系统生命周期中运行阶段的重要性，此时……
GAMP Good Practice Guide,Manufacturing Execution Systems – A Strategic and Program Management Approach,制造执行系统——一种战略与项目管理方法,2010-05-01,May 2010,https://guidance-docs.ispe.org/doi/book/10.1002/9781931879934,https://gmp-guidelines.wen817.com/thumbnails/ispe/9781931879934.cover.jpg,The ISPE GAMP® Good Practice Guide: Manufacturing Execution Systems - A Strategic and Program Management Approach uses a complete lifecycle approach to the development and use of MES for regulated manufacturing as a collection or domain of manufacturing related functions [...],ISPE GAMP®良好实践指南：制造执行系统——一种战略与项目管理方法，采用完整的生命周期方法，针对受监管制造中MES的开发和使用，将其视为一系列或一个领域内与制造相关的功能……
Good Practice Guide,Development of Investigational Therapeutic Biological Products,研究用治疗性生物制品的开发,2010-03-01,March 2010,https://guidance-docs.ispe.org/doi/book/10.1002/9781931879910,https://gmp-guidelines.wen817.com/thumbnails/ispe/9781931879910.cover.jpg,"With the rapid growth in the biopharmaceutical industry over the past two decades, the number of newly approved biological products has dramatically increased. In 2005, a record 21 biological products received US Food and Drug Administration (FDA) approvals, including therapies [...]",随着过去二十年生物制药行业的快速增长，新批准的生物制品数量显著增加。2005年，创纪录的21种生物制品获得了美国食品药品管理局（FDA）的批准，其中包括治疗药物[...]
Baseline Guide,Volume 1 – Active Pharmaceutical Ingredients (Revision to Bulk Pharmaceutical Chemicals) (Second Edition),第一卷——原料药（散装医药化学品修订版）（第二版）,2007-06-01,June 2007,https://guidance-docs.ispe.org/doi/book/10.1002/9781931879781,https://gmp-guidelines.wen817.com/thumbnails/ispe/9781931879781.cover.jpg,"This revised Guide builds on the original principles of ISPE’s Baseline® Guide Volume 1, Active Pharmaceutical Ingredients, (originally entitled Bulk Pharmaceutical Chemicals). The ISPE API Baseline Guide also incorporates and builds on new regulations and guidance, such as:ICH Q7ICH Q9GAMP [...]",本修订版指南以ISPE基础®指南第1卷《原料药》（原名《大宗医药化学品》）的原有原则为基础。ISPE原料药基础指南还纳入并借鉴了新的法规和指导原则，例如：ICH Q7、ICH Q9、GAMP[...]
未知类型,Introductory US Clinical Trial Materials Training Guide,美国临床试验材料培训指南（入门）,2002-10-01,October 2002,https://guidance-docs.ispe.org/doi/book/10.1002/9781936379781,https://gmp-guidelines.wen817.com/thumbnails/ispe/9781936379781.cover.jpg,The Introductory US Clinical Trial Materials Training Guide has been created to familiarize new investigational trial materials professionals by pulling together the terms and related information they need to be successful in their field.,美国临床试验材料入门培训指南旨在帮助新入职的试验材料专业人员熟悉其领域所需的术语及相关信息，从而取得成功。
